frame,x,y,dx_from_ref,dy_from_ref
1,,,,
2,,,,
3,,,,
4,,,,
5,,,,
6,,,,
7,,,,
8,,,,
9,,,,
10,,,,
11,,,,
12,,,,
13,,,,
14,,,,
15,,,,
16,,,,
17,,,,
18,,,,
19,,,,
20,,,,
21,,,,
22,,,,
23,,,,
24,,,,
25,,,,
26,,,,
27,667.0,455.0,-302.0,-41.0
28,685.0,462.0,-284.0,-34.0
29,745.0,483.0,-224.0,-13.0
30,802.0,496.0,-167.0,0.0
31,904.0,510.0,-65.0,14.0
32,979.0,513.0,10.0,17.0
33,1089.0,504.0,120.0,8.0
34,1155.0,494.0,186.0,-2.0
35,1232.0,473.0,263.0,-23.0
36,1266.0,460.0,297.0,-36.0
37,1291.0,451.0,322.0,-45.0
38,1288.0,451.0,319.0,-45.0
39,1255.0,462.0,286.0,-34.0
40,1216.0,475.0,247.0,-21.0
41,1134.0,495.0,165.0,-1.0
42,1069.0,505.0,100.0,9.0
43,963.0,511.0,-6.0,15.0
44,892.0,508.0,-77.0,12.0
45,796.0,494.0,-173.0,-2.0
46,744.0,481.0,-225.0,-15.0
47,693.0,464.0,-276.0,-32.0
48,677.0,460.0,-292.0,-36.0
49,686.0,462.0,-283.0,-34.0
50,713.0,471.0,-256.0,-25.0
51,779.0,490.0,-190.0,-6.0
52,840.0,502.0,-129.0,6.0
53,944.0,513.0,-25.0,17.0
54,1017.0,514.0,48.0,18.0
55,1117.0,501.0,148.0,5.0
56,1175.0,489.0,206.0,-7.0
57,1240.0,467.0,271.0,-29.0
58,1266.0,458.0,297.0,-38.0
59,1279.0,455.0,310.0,-41.0
60,1268.0,458.0,299.0,-38.0
61,1225.0,473.0,256.0,-23.0
62,1180.0,487.0,211.0,-9.0
63,1093.0,503.0,124.0,7.0
64,1025.0,512.0,56.0,16.0
65,922.0,511.0,-47.0,15.0
66,854.0,504.0,-115.0,8.0
67,767.0,489.0,-202.0,-7.0
68,724.0,475.0,-245.0,-21.0
69,686.0,462.0,-283.0,-34.0
70,680.0,460.0,-289.0,-36.0
71,703.0,468.0,-266.0,-28.0
72,737.0,479.0,-232.0,-17.0
73,815.0,498.0,-154.0,2.0
74,879.0,508.0,-90.0,12.0
75,984.0,515.0,15.0,19.0
76,1054.0,511.0,85.0,15.0
77,1147.0,497.0,178.0,1.0
78,1197.0,484.0,228.0,-12.0
79,1249.0,466.0,280.0,-30.0
80,1267.0,460.0,298.0,-36.0
81,1267.0,460.0,298.0,-36.0
82,1248.0,467.0,279.0,-29.0
83,1196.0,484.0,227.0,-12.0
84,1146.0,496.0,177.0,0.0
85,1055.0,511.0,86.0,15.0
86,988.0,516.0,19.0,20.0
87,886.0,510.0,-83.0,14.0
88,824.0,502.0,-145.0,6.0
89,749.0,483.0,-220.0,-13.0
90,714.0,472.0,-255.0,-24.0
91,689.0,463.0,-280.0,-33.0
92,693.0,464.0,-276.0,-32.0
93,728.0,476.0,-241.0,-20.0
94,770.0,488.0,-199.0,-8.0
95,853.0,505.0,-116.0,9.0
96,919.0,512.0,-50.0,16.0
97,1021.0,513.0,52.0,17.0
98,1086.0,506.0,117.0,10.0
99,1169.0,490.0,200.0,-6.0
100,1212.0,477.0,243.0,-19.0
101,1250.0,465.0,281.0,-31.0
102,1260.0,461.0,291.0,-35.0
103,1247.0,466.0,278.0,-30.0
104,1221.0,474.0,252.0,-22.0
105,1160.0,490.0,191.0,-6.0
106,1107.0,500.0,138.0,4.0
107,1016.0,510.0,47.0,14.0
108,950.0,510.0,-19.0,14.0
109,855.0,506.0,-114.0,10.0
110,800.0,496.0,-169.0,0.0
111,739.0,479.0,-230.0,-17.0
112,713.0,471.0,-256.0,-25.0
113,703.0,467.0,-266.0,-29.0
114,716.0,471.0,-253.0,-25.0
115,762.0,485.0,-207.0,-11.0
116,809.0,496.0,-160.0,0.0
117,896.0,509.0,-73.0,13.0
118,962.0,511.0,-7.0,15.0
119,1058.0,506.0,89.0,10.0
120,1116.0,497.0,147.0,1.0
121,1187.0,481.0,218.0,-15.0
122,1221.0,471.0,252.0,-25.0
123,1248.0,463.0,279.0,-33.0
124,1249.0,463.0,280.0,-33.0
125,1227.0,471.0,258.0,-25.0
126,1196.0,479.0,227.0,-17.0
127,1128.0,495.0,159.0,-1.0
128,1072.0,504.0,103.0,8.0
129,979.0,511.0,10.0,15.0
130,915.0,509.0,-54.0,13.0
131,828.0,500.0,-141.0,4.0
132,778.0,491.0,-191.0,-5.0
133,727.0,477.0,-242.0,-19.0
134,711.0,472.0,-258.0,-24.0
135,715.0,473.0,-254.0,-23.0
136,736.0,480.0,-233.0,-16.0
137,794.0,494.0,-175.0,-2.0
138,846.0,504.0,-123.0,8.0
139,938.0,512.0,-31.0,16.0
140,1000.0,511.0,31.0,15.0
141,1088.0,501.0,119.0,5.0
142,1140.0,492.0,171.0,-4.0
143,1201.0,477.0,232.0,-19.0
144,1226.0,469.0,257.0,-27.0
145,1241.0,465.0,272.0,-31.0
146,1235.0,467.0,266.0,-29.0
147,1202.0,477.0,233.0,-19.0
148,1165.0,487.0,196.0,-9.0
149,1092.0,501.0,123.0,5.0
150,1031.0,509.0,62.0,13.0
151,942.0,510.0,-27.0,14.0
152,882.0,507.0,-87.0,11.0
153,803.0,495.0,-166.0,-1.0
154,763.0,486.0,-206.0,-10.0
155,726.0,474.0,-243.0,-22.0
156,719.0,472.0,-250.0,-24.0
157,736.0,478.0,-233.0,-18.0
158,765.0,486.0,-204.0,-10.0
159,830.0,501.0,-139.0,5.0
160,883.0,509.0,-86.0,13.0
161,973.0,515.0,4.0,19.0
162,1030.0,513.0,61.0,17.0
163,1114.0,501.0,145.0,5.0
164,1159.0,490.0,190.0,-6.0
165,1208.0,477.0,239.0,-19.0
166,1227.0,471.0,258.0,-25.0
167,1230.0,471.0,261.0,-25.0
168,1217.0,475.0,248.0,-21.0
169,1173.0,487.0,204.0,-9.0
170,1131.0,496.0,162.0,0.0
171,1053.0,508.0,84.0,12.0
172,995.0,511.0,26.0,15.0
173,904.0,509.0,-65.0,13.0
174,849.0,504.0,-120.0,8.0
175,780.0,491.0,-189.0,-5.0
176,747.0,482.0,-222.0,-14.0
177,724.0,476.0,-245.0,-20.0
178,726.0,476.0,-243.0,-20.0
179,756.0,484.0,-213.0,-12.0
180,791.0,493.0,-178.0,-3.0
181,863.0,506.0,-106.0,10.0
182,920.0,512.0,-49.0,16.0
183,1008.0,513.0,39.0,17.0
184,1064.0,509.0,95.0,13.0
185,1138.0,496.0,169.0,0.0
186,1177.0,487.0,208.0,-9.0
187,1215.0,476.0,246.0,-20.0
188,1226.0,473.0,257.0,-23.0
189,1218.0,476.0,249.0,-20.0
190,1197.0,482.0,228.0,-14.0
191,1146.0,495.0,177.0,-1.0
192,1099.0,503.0,130.0,7.0
193,1017.0,513.0,48.0,17.0
194,959.0,514.0,-10.0,18.0
195,874.0,508.0,-95.0,12.0
196,824.0,500.0,-145.0,4.0
197,767.0,488.0,-202.0,-8.0
198,744.0,481.0,-225.0,-15.0
199,734.0,478.0,-235.0,-18.0
200,745.0,481.0,-224.0,-15.0
201,785.0,491.0,-184.0,-5.0
202,825.0,500.0,-144.0,4.0
203,900.0,510.0,-69.0,14.0
204,957.0,512.0,-12.0,16.0
205,1037.0,510.0,68.0,14.0
206,1092.0,503.0,123.0,7.0
207,1156.0,491.0,187.0,-5.0
208,1188.0,484.0,219.0,-12.0
209,1214.0,476.0,245.0,-20.0
210,1217.0,476.0,248.0,-20.0
211,1198.0,481.0,229.0,-15.0
212,1171.0,489.0,202.0,-7.0
213,1111.0,500.0,142.0,4.0
214,1062.0,507.0,93.0,11.0
215,979.0,514.0,10.0,18.0
216,924.0,513.0,-45.0,17.0
217,847.0,505.0,-122.0,9.0
218,805.0,498.0,-164.0,2.0
219,763.0,487.0,-206.0,-9.0
220,751.0,483.0,-218.0,-13.0
221,754.0,484.0,-215.0,-12.0
222,771.0,489.0,-198.0,-7.0
223,818.0,500.0,-151.0,4.0
224,862.0,507.0,-107.0,11.0
225,939.0,514.0,-30.0,18.0
226,993.0,514.0,24.0,18.0
227,1071.0,507.0,102.0,11.0
228,1116.0,499.0,147.0,3.0
229,1170.0,487.0,201.0,-9.0
230,1194.0,480.0,225.0,-16.0
231,1209.0,475.0,240.0,-21.0
232,1204.0,477.0,235.0,-19.0
233,1175.0,486.0,206.0,-10.0
234,1143.0,493.0,174.0,-3.0
235,1078.0,504.0,109.0,8.0
236,1027.0,512.0,58.0,16.0
237,947.0,512.0,-22.0,16.0
238,896.0,509.0,-73.0,13.0
239,828.0,500.0,-141.0,4.0
240,794.0,493.0,-175.0,-3.0
241,763.0,485.0,-206.0,-11.0
242,758.0,483.0,-211.0,-13.0
243,772.0,486.0,-197.0,-10.0
244,797.0,492.0,-172.0,-4.0
245,852.0,502.0,-117.0,6.0
246,898.0,507.0,-71.0,11.0
247,974.0,510.0,5.0,14.0
248,1025.0,509.0,56.0,13.0
249,1096.0,500.0,127.0,4.0
250,1136.0,493.0,167.0,-3.0
251,1180.0,483.0,211.0,-13.0
252,1196.0,479.0,227.0,-17.0
253,1199.0,479.0,230.0,-17.0
254,1187.0,483.0,218.0,-13.0
255,1150.0,492.0,181.0,-4.0
256,1112.0,499.0,143.0,3.0
257,1038.0,512.0,69.0,16.0
258,993.0,514.0,24.0,18.0
259,916.0,511.0,-53.0,15.0
260,869.0,507.0,-100.0,11.0
261,812.0,497.0,-157.0,1.0
262,786.0,492.0,-183.0,-4.0
263,768.0,487.0,-201.0,-9.0
264,770.0,488.0,-199.0,-8.0
265,794.0,494.0,-175.0,-2.0
266,824.0,500.0,-145.0,4.0
267,884.0,509.0,-85.0,13.0
268,932.0,513.0,-37.0,17.0
269,1006.0,513.0,37.0,17.0
270,1053.0,510.0,84.0,14.0
271,1116.0,500.0,147.0,4.0
272,1150.0,492.0,181.0,-4.0
273,1183.0,484.0,214.0,-12.0
274,1192.0,482.0,223.0,-14.0
275,1185.0,485.0,216.0,-11.0
276,1166.0,490.0,197.0,-6.0
277,1120.0,499.0,151.0,3.0
278,1079.0,505.0,110.0,9.0
279,1008.0,513.0,39.0,17.0
280,957.0,513.0,-12.0,17.0
281,885.0,510.0,-84.0,14.0
282,843.0,504.0,-126.0,8.0
283,797.0,497.0,-172.0,1.0
284,778.0,493.0,-191.0,-3.0
285,771.0,492.0,-198.0,-4.0
286,781.0,494.0,-188.0,-2.0
287,817.0,500.0,-152.0,4.0
288,851.0,506.0,-118.0,10.0
289,915.0,511.0,-54.0,15.0
290,963.0,512.0,-6.0,16.0
291,1032.0,510.0,63.0,14.0
292,1079.0,505.0,110.0,9.0
293,1135.0,496.0,166.0,0.0
294,1163.0,490.0,194.0,-6.0
295,1185.0,485.0,216.0,-11.0
296,1187.0,484.0,218.0,-12.0
297,1169.0,489.0,200.0,-7.0
298,1144.0,494.0,175.0,-2.0
299,1090.0,503.0,121.0,7.0
300,1045.0,508.0,76.0,12.0
301,975.0,513.0,6.0,17.0
302,928.0,512.0,-41.0,16.0
303,863.0,506.0,-106.0,10.0
304,829.0,500.0,-140.0,4.0
305,795.0,492.0,-174.0,-4.0
306,784.0,489.0,-185.0,-7.0
307,788.0,490.0,-181.0,-6.0
308,805.0,494.0,-164.0,-2.0
309,845.0,502.0,-124.0,6.0
310,883.0,507.0,-86.0,11.0
311,948.0,510.0,-21.0,14.0
312,995.0,510.0,26.0,14.0
313,1060.0,507.0,91.0,11.0
314,1100.0,502.0,131.0,6.0
315,1146.0,493.0,177.0,-3.0
316,1166.0,489.0,197.0,-7.0
317,1178.0,487.0,209.0,-9.0
318,1172.0,488.0,203.0,-8.0
319,1145.0,494.0,176.0,-2.0
320,1115.0,499.0,146.0,3.0
321,1057.0,507.0,88.0,11.0
322,1013.0,513.0,44.0,17.0
323,944.0,513.0,-25.0,17.0
324,901.0,511.0,-68.0,15.0
325,846.0,506.0,-123.0,10.0
326,819.0,501.0,-150.0,5.0
327,795.0,496.0,-174.0,0.0
328,792.0,495.0,-177.0,-1.0
329,807.0,497.0,-162.0,1.0
330,828.0,501.0,-141.0,5.0
331,876.0,508.0,-93.0,12.0
332,915.0,512.0,-54.0,16.0
333,980.0,514.0,11.0,18.0
334,1023.0,513.0,54.0,17.0
335,1083.0,507.0,114.0,11.0
336,1116.0,502.0,147.0,6.0
337,1153.0,493.0,184.0,-3.0
338,1166.0,489.0,197.0,-7.0
339,1167.0,489.0,198.0,-7.0
340,1155.0,492.0,186.0,-4.0
341,1120.0,499.0,151.0,3.0
342,1087.0,504.0,118.0,8.0
343,1026.0,512.0,57.0,16.0
344,984.0,514.0,15.0,18.0
345,920.0,512.0,-49.0,16.0
346,881.0,508.0,-88.0,12.0
347,836.0,501.0,-133.0,5.0
348,817.0,496.0,-152.0,0.0
349,804.0,493.0,-165.0,-3.0
350,807.0,494.0,-162.0,-2.0
351,829.0,498.0,-140.0,2.0
352,854.0,503.0,-115.0,7.0
353,905.0,510.0,-64.0,14.0
354,945.0,512.0,-24.0,16.0
355,1009.0,513.0,40.0,17.0
356,1046.0,511.0,77.0,15.0
357,1101.0,504.0,132.0,8.0
358,1129.0,500.0,160.0,4.0
359,1155.0,494.0,186.0,-2.0
360,1161.0,491.0,192.0,-5.0
361,1152.0,493.0,183.0,-3.0
362,1135.0,496.0,166.0,0.0
363,1093.0,503.0,124.0,7.0
364,1058.0,508.0,89.0,12.0
365,998.0,514.0,29.0,18.0
366,955.0,514.0,-14.0,18.0
367,897.0,511.0,-72.0,15.0
368,865.0,507.0,-104.0,11.0
369,828.0,501.0,-141.0,5.0
370,815.0,499.0,-154.0,3.0
371,811.0,497.0,-158.0,1.0
372,821.0,499.0,-148.0,3.0
373,850.0,504.0,-119.0,8.0
374,880.0,508.0,-89.0,12.0
375,934.0,513.0,-35.0,17.0
376,973.0,515.0,4.0,19.0
377,1030.0,513.0,61.0,17.0
378,1069.0,509.0,100.0,13.0
379,1114.0,501.0,145.0,5.0
380,1136.0,496.0,167.0,0.0
381,1152.0,492.0,183.0,-4.0
382,1152.0,492.0,183.0,-4.0
383,1134.0,496.0,165.0,0.0
384,1111.0,500.0,142.0,4.0
385,1064.0,506.0,95.0,10.0
386,1026.0,512.0,57.0,16.0
387,968.0,514.0,-1.0,18.0
388,929.0,514.0,-40.0,18.0
389,877.0,510.0,-92.0,14.0
390,850.0,506.0,-119.0,10.0
391,824.0,501.0,-145.0,5.0
392,816.0,500.0,-153.0,4.0
393,822.0,500.0,-147.0,4.0
394,837.0,503.0,-132.0,7.0
395,873.0,508.0,-96.0,12.0
396,905.0,512.0,-64.0,16.0
397,960.0,514.0,-9.0,18.0
398,999.0,514.0,30.0,18.0
399,1054.0,509.0,85.0,13.0
400,1087.0,504.0,118.0,8.0
401,1124.0,498.0,155.0,2.0
402,1140.0,494.0,171.0,-2.0
403,1147.0,493.0,178.0,-3.0
404,1140.0,494.0,171.0,-2.0
405,1113.0,499.0,144.0,3.0
406,1087.0,503.0,118.0,7.0
407,1033.0,510.0,64.0,14.0
408,1000.0,512.0,31.0,16.0
409,942.0,511.0,-27.0,15.0
410,908.0,508.0,-61.0,12.0
411,864.0,504.0,-105.0,8.0
412,843.0,501.0,-126.0,5.0
413,825.0,499.0,-144.0,3.0
414,824.0,499.0,-145.0,3.0
415,838.0,501.0,-131.0,5.0
416,857.0,504.0,-112.0,8.0
417,898.0,509.0,-71.0,13.0
418,932.0,510.0,-37.0,14.0
419,987.0,510.0,18.0,14.0
420,1022.0,510.0,53.0,14.0
421,1072.0,506.0,103.0,10.0
422,1100.0,502.0,131.0,6.0
423,1128.0,497.0,159.0,1.0
424,1137.0,495.0,168.0,-1.0
425,1135.0,495.0,166.0,-1.0
426,1122.0,498.0,153.0,2.0
427,1089.0,503.0,120.0,7.0
428,1060.0,507.0,91.0,11.0
429,1009.0,513.0,40.0,17.0
430,973.0,514.0,4.0,18.0
431,922.0,510.0,-47.0,14.0
432,891.0,507.0,-78.0,11.0
433,855.0,503.0,-114.0,7.0
434,840.0,502.0,-129.0,6.0
435,831.0,502.0,-138.0,6.0
436,836.0,502.0,-133.0,6.0
437,857.0,506.0,-112.0,10.0
438,880.0,509.0,-89.0,13.0
439,925.0,514.0,-44.0,18.0
440,958.0,515.0,-11.0,19.0
441,1011.0,515.0,42.0,19.0
442,1039.0,513.0,70.0,17.0
443,1086.0,506.0,117.0,10.0
444,1108.0,502.0,139.0,6.0
445,1127.0,497.0,158.0,1.0
446,1130.0,497.0,161.0,1.0
447,1119.0,499.0,150.0,3.0
448,1102.0,502.0,133.0,6.0
449,1065.0,506.0,96.0,10.0
450,1031.0,513.0,62.0,17.0
451,984.0,515.0,15.0,19.0
452,950.0,515.0,-19.0,19.0
453,904.0,512.0,-65.0,16.0
454,879.0,509.0,-90.0,13.0
455,851.0,505.0,-118.0,9.0
456,842.0,502.0,-127.0,6.0
457,842.0,502.0,-127.0,6.0
458,851.0,504.0,-118.0,8.0
459,879.0,508.0,-90.0,12.0
460,904.0,511.0,-65.0,15.0
461,949.0,515.0,-20.0,19.0
462,982.0,516.0,13.0,20.0
463,1029.0,513.0,60.0,17.0
464,1061.0,510.0,92.0,14.0
465,1096.0,504.0,127.0,8.0
466,1112.0,501.0,143.0,5.0
467,1123.0,498.0,154.0,2.0
468,1120.0,498.0,151.0,2.0
469,1102.0,502.0,133.0,6.0
470,1081.0,504.0,112.0,8.0
471,1037.0,510.0,68.0,14.0
472,1011.0,514.0,42.0,18.0
473,961.0,516.0,-8.0,20.0
474,931.0,514.0,-38.0,18.0
475,890.0,510.0,-79.0,14.0
476,869.0,508.0,-100.0,12.0
477,850.0,504.0,-119.0,8.0
478,846.0,504.0,-123.0,8.0
479,854.0,505.0,-115.0,9.0
480,867.0,507.0,-102.0,11.0
481,899.0,512.0,-70.0,16.0
482,927.0,514.0,-42.0,18.0
483,972.0,515.0,3.0,19.0
484,1004.0,515.0,35.0,19.0
485,1045.0,511.0,76.0,15.0
486,1074.0,506.0,105.0,10.0
487,1102.0,502.0,133.0,6.0
488,1112.0,500.0,143.0,4.0
489,1114.0,499.0,145.0,3.0
490,1107.0,501.0,138.0,5.0
491,1082.0,504.0,113.0,8.0
492,1059.0,507.0,90.0,11.0
493,1016.0,513.0,47.0,17.0
494,985.0,515.0,16.0,19.0
495,939.0,515.0,-30.0,19.0
496,912.0,513.0,-57.0,17.0
497,879.0,509.0,-90.0,13.0
498,863.0,507.0,-106.0,11.0
499,852.0,506.0,-117.0,10.0
500,853.0,506.0,-116.0,10.0
501,867.0,508.0,-102.0,12.0
502,884.0,510.0,-85.0,14.0
503,920.0,514.0,-49.0,18.0
504,948.0,515.0,-21.0,19.0
505,994.0,514.0,25.0,18.0
506,1023.0,512.0,54.0,16.0
507,1063.0,508.0,94.0,12.0
508,1084.0,505.0,115.0,9.0
509,1104.0,502.0,135.0,6.0
510,1109.0,500.0,140.0,4.0
511,1103.0,501.0,134.0,5.0
512,1091.0,503.0,122.0,7.0
513,1062.0,507.0,93.0,11.0
514,1033.0,512.0,64.0,16.0
515,994.0,514.0,25.0,18.0
516,964.0,512.0,-5.0,16.0
517,924.0,509.0,-45.0,13.0
518,899.0,508.0,-70.0,12.0
519,873.0,506.0,-96.0,10.0
520,862.0,505.0,-107.0,9.0
521,858.0,505.0,-111.0,9.0
522,864.0,506.0,-105.0,10.0
523,884.0,510.0,-85.0,14.0
524,904.0,512.0,-65.0,16.0
525,942.0,515.0,-27.0,19.0
526,971.0,514.0,2.0,18.0
527,1015.0,512.0,46.0,16.0
528,1037.0,511.0,68.0,15.0
529,1074.0,506.0,105.0,10.0
530,1090.0,504.0,121.0,8.0
531,1102.0,501.0,133.0,5.0
532,1102.0,501.0,133.0,5.0
533,1090.0,503.0,121.0,7.0
534,1074.0,505.0,105.0,9.0
535,1037.0,509.0,68.0,13.0
536,1016.0,510.0,47.0,14.0
537,974.0,510.0,5.0,14.0
538,947.0,509.0,-22.0,13.0
539,911.0,508.0,-58.0,12.0
540,891.0,507.0,-78.0,11.0
541,872.0,506.0,-97.0,10.0
542,866.0,506.0,-103.0,10.0
543,869.0,508.0,-100.0,12.0
544,879.0,510.0,-90.0,14.0
545,903.0,513.0,-66.0,17.0
546,926.0,515.0,-43.0,19.0
547,965.0,516.0,-4.0,20.0
548,992.0,515.0,23.0,19.0
549,1029.0,512.0,60.0,16.0
550,1054.0,509.0,85.0,13.0
551,1080.0,505.0,111.0,9.0
552,1091.0,503.0,122.0,7.0
553,1096.0,503.0,127.0,7.0
554,1090.0,503.0,121.0,7.0
555,1073.0,505.0,104.0,9.0
556,1054.0,507.0,85.0,11.0
557,1020.0,511.0,51.0,15.0
558,995.0,510.0,26.0,14.0
559,957.0,509.0,-12.0,13.0
560,933.0,508.0,-36.0,12.0
561,901.0,507.0,-68.0,11.0
562,886.0,506.0,-83.0,10.0
563,873.0,506.0,-96.0,10.0
564,871.0,508.0,-98.0,12.0
565,881.0,510.0,-88.0,14.0
566,894.0,512.0,-75.0,16.0
567,923.0,514.0,-46.0,18.0
568,945.0,515.0,-24.0,19.0
569,984.0,515.0,15.0,19.0
570,1010.0,514.0,41.0,18.0
571,1039.0,512.0,70.0,16.0
572,1063.0,508.0,94.0,12.0
573,1083.0,505.0,114.0,9.0
574,1088.0,504.0,119.0,8.0
575,1086.0,504.0,117.0,8.0
576,1077.0,505.0,108.0,9.0
577,1055.0,507.0,86.0,11.0
578,1031.0,510.0,62.0,14.0
579,1000.0,510.0,31.0,14.0
580,975.0,510.0,6.0,14.0
581,939.0,508.0,-30.0,12.0
582,919.0,508.0,-50.0,12.0
583,893.0,507.0,-76.0,11.0
584,882.0,507.0,-87.0,11.0
585,876.0,509.0,-93.0,13.0
586,879.0,510.0,-90.0,14.0
587,894.0,512.0,-75.0,16.0
588,910.0,514.0,-59.0,18.0
589,941.0,515.0,-28.0,19.0
590,965.0,515.0,-4.0,19.0
591,1002.0,514.0,33.0,18.0
592,1024.0,512.0,55.0,16.0
593,1055.0,509.0,86.0,13.0
594,1070.0,507.0,101.0,11.0
595,1082.0,504.0,113.0,8.0
596,1083.0,504.0,114.0,8.0
597,1075.0,505.0,106.0,9.0
598,1062.0,506.0,93.0,10.0
599,1033.0,510.0,64.0,14.0
600,1015.0,511.0,46.0,15.0
601,980.0,510.0,11.0,14.0
602,957.0,509.0,-12.0,13.0
603,926.0,508.0,-43.0,12.0
604,907.0,506.0,-62.0,10.0
605,889.0,506.0,-80.0,10.0
606,883.0,506.0,-86.0,10.0
607,883.0,506.0,-86.0,10.0
608,891.0,507.0,-78.0,11.0
609,910.0,509.0,-59.0,13.0
610,929.0,510.0,-40.0,14.0
611,961.0,511.0,-8.0,15.0
612,985.0,511.0,16.0,15.0
613,1019.0,512.0,50.0,16.0
614,1036.0,511.0,67.0,15.0
615,1063.0,508.0,94.0,12.0
616,1073.0,507.0,104.0,11.0
617,1079.0,505.0,110.0,9.0
618,1076.0,505.0,107.0,9.0
619,1061.0,507.0,92.0,11.0
620,1044.0,508.0,75.0,12.0
621,1017.0,511.0,48.0,15.0
622,996.0,510.0,27.0,14.0
623,962.0,509.0,-7.0,13.0
624,941.0,509.0,-28.0,13.0
625,914.0,508.0,-55.0,12.0
626,900.0,507.0,-69.0,11.0
627,888.0,507.0,-81.0,11.0
628,886.0,506.0,-83.0,10.0
629,893.0,507.0,-76.0,11.0
630,903.0,508.0,-66.0,12.0
631,928.0,510.0,-41.0,14.0
632,947.0,511.0,-22.0,15.0
633,980.0,512.0,11.0,16.0
634,1003.0,511.0,34.0,15.0
635,1031.0,512.0,62.0,16.0
636,1048.0,510.0,79.0,14.0
637,1067.0,507.0,98.0,11.0
638,1073.0,506.0,104.0,10.0
639,1072.0,506.0,103.0,10.0
640,1065.0,507.0,96.0,11.0
641,1044.0,508.0,75.0,12.0
642,1027.0,511.0,58.0,15.0
643,999.0,510.0,30.0,14.0
644,978.0,510.0,9.0,14.0
645,947.0,508.0,-22.0,12.0
646,929.0,508.0,-40.0,12.0
647,906.0,508.0,-63.0,12.0
648,896.0,508.0,-73.0,12.0
649,890.0,507.0,-79.0,11.0
650,893.0,507.0,-76.0,11.0
651,905.0,508.0,-64.0,12.0
652,919.0,509.0,-50.0,13.0
653,945.0,511.0,-24.0,15.0
654,966.0,511.0,-3.0,15.0
655,998.0,512.0,29.0,16.0
656,1018.0,513.0,49.0,17.0
657,1039.0,511.0,70.0,15.0
658,1056.0,509.0,87.0,13.0
659,1067.0,507.0,98.0,11.0
660,1069.0,506.0,100.0,10.0
661,1062.0,507.0,93.0,11.0
662,1051.0,507.0,82.0,11.0
663,1028.0,510.0,59.0,14.0
664,1012.0,510.0,43.0,14.0
665,982.0,509.0,13.0,13.0
666,963.0,509.0,-6.0,13.0
667,935.0,509.0,-34.0,13.0
668,919.0,509.0,-50.0,13.0
669,903.0,508.0,-66.0,12.0
670,897.0,507.0,-72.0,11.0
671,897.0,508.0,-72.0,12.0
672,903.0,508.0,-66.0,12.0
673,920.0,510.0,-49.0,14.0
674,935.0,511.0,-34.0,15.0
675,963.0,512.0,-6.0,16.0
676,983.0,512.0,14.0,16.0
677,1013.0,513.0,44.0,17.0
678,1028.0,513.0,59.0,17.0
679,1050.0,510.0,81.0,14.0
680,1059.0,508.0,90.0,12.0
681,1064.0,507.0,95.0,11.0
682,1062.0,506.0,93.0,10.0
683,1050.0,507.0,81.0,11.0
684,1034.0,509.0,65.0,13.0
685,1013.0,510.0,44.0,14.0
686,995.0,510.0,26.0,14.0
687,966.0,509.0,-3.0,13.0
688,948.0,508.0,-21.0,12.0
689,925.0,509.0,-44.0,13.0
690,912.0,509.0,-57.0,13.0
691,900.0,508.0,-69.0,12.0
692,899.0,508.0,-70.0,12.0
693,905.0,508.0,-64.0,12.0
694,914.0,510.0,-55.0,14.0
695,935.0,511.0,-34.0,15.0
696,951.0,512.0,-18.0,16.0
697,979.0,512.0,10.0,16.0
698,999.0,512.0,30.0,16.0
699,1024.0,513.0,55.0,17.0
700,1035.0,512.0,66.0,16.0
701,1054.0,509.0,85.0,13.0
702,1060.0,507.0,91.0,11.0
703,1059.0,507.0,90.0,11.0
704,1052.0,507.0,83.0,11.0
705,1033.0,510.0,64.0,14.0
706,1022.0,513.0,53.0,17.0
707,996.0,515.0,27.0,19.0
708,978.0,515.0,9.0,19.0
709,950.0,515.0,-19.0,19.0
710,935.0,515.0,-34.0,19.0
711,915.0,514.0,-54.0,18.0
712,906.0,513.0,-63.0,17.0
713,901.0,513.0,-68.0,17.0
714,903.0,513.0,-66.0,17.0
715,913.0,513.0,-56.0,17.0
716,926.0,514.0,-43.0,18.0
717,949.0,514.0,-20.0,18.0
718,967.0,514.0,-2.0,18.0
719,996.0,514.0,27.0,18.0
720,1013.0,513.0,44.0,17.0
721,1033.0,512.0,64.0,16.0
722,1044.0,511.0,75.0,15.0
723,1056.0,508.0,87.0,12.0
724,1057.0,508.0,88.0,12.0
725,1051.0,508.0,82.0,12.0
726,1039.0,509.0,70.0,13.0
727,1022.0,511.0,53.0,15.0
728,1007.0,511.0,38.0,15.0
729,981.0,510.0,12.0,14.0
730,964.0,510.0,-5.0,14.0
731,939.0,510.0,-30.0,14.0
732,926.0,510.0,-43.0,14.0
733,911.0,509.0,-58.0,13.0
734,906.0,509.0,-63.0,13.0
735,907.0,510.0,-62.0,14.0
736,912.0,510.0,-57.0,14.0
737,928.0,511.0,-41.0,15.0
738,941.0,512.0,-28.0,16.0
739,966.0,512.0,-3.0,16.0
740,984.0,512.0,15.0,16.0
741,1010.0,512.0,41.0,16.0
742,1024.0,512.0,55.0,16.0
743,1038.0,512.0,69.0,16.0
744,1049.0,511.0,80.0,15.0
745,1053.0,508.0,84.0,12.0
746,1051.0,508.0,82.0,12.0
747,1038.0,510.0,69.0,14.0
748,1028.0,513.0,59.0,17.0
749,1008.0,515.0,39.0,19.0
750,991.0,514.0,22.0,18.0
751,966.0,511.0,-3.0,15.0
752,950.0,510.0,-19.0,14.0
753,930.0,510.0,-39.0,14.0
754,920.0,509.0,-49.0,13.0
755,910.0,509.0,-59.0,13.0
756,908.0,509.0,-61.0,13.0
757,914.0,510.0,-55.0,14.0
758,923.0,510.0,-46.0,14.0
759,941.0,512.0,-28.0,16.0
760,956.0,512.0,-13.0,16.0
761,981.0,512.0,12.0,16.0
762,998.0,512.0,29.0,16.0
763,1020.0,512.0,51.0,16.0
764,1030.0,513.0,61.0,17.0
765,1042.0,513.0,73.0,17.0
766,1046.0,511.0,77.0,15.0
767,1045.0,511.0,76.0,15.0
768,1039.0,512.0,70.0,16.0
769,1027.0,513.0,58.0,17.0
770,1016.0,514.0,47.0,18.0
771,993.0,514.0,24.0,18.0
772,976.0,513.0,7.0,17.0
773,954.0,510.0,-15.0,14.0
774,940.0,510.0,-29.0,14.0
775,924.0,509.0,-45.0,13.0
776,916.0,509.0,-53.0,13.0
777,912.0,509.0,-57.0,13.0
778,913.0,509.0,-56.0,13.0
779,924.0,510.0,-45.0,14.0
780,936.0,510.0,-33.0,14.0
781,956.0,511.0,-13.0,15.0
782,971.0,512.0,2.0,16.0
783,997.0,512.0,28.0,16.0
784,1011.0,511.0,42.0,15.0
785,1028.0,513.0,59.0,17.0
786,1034.0,512.0,65.0,16.0
787,1043.0,511.0,74.0,15.0
788,1043.0,511.0,74.0,15.0
789,1040.0,512.0,71.0,16.0
790,1038.0,511.0,69.0,15.0
